{
  "name": "angular-wakanda",
  "version": "1.0.3",
  "keywords": [
    "angular",
    "angular.js",
    "angularjs",
    "wakanda",
    "wakandadb",
    "nosql",
    "ssjs"
  ],
  "description": "Provides a full proxy of WakandaDB NoSQL DataModels with its relationships & methods in Angular",
  "homepage": "http://wakanda.github.io/angular-wakanda/",
  "main": "./angular-wakanda.min.js",
  "license": "MIT",
  "ignore": [],
  "dependencies": {
    "angular": "1.2.6"
  },
  "_release": "1.0.3",
  "_resolution": {
    "type": "version",
    "tag": "v1.0.3",
    "commit": "a61ca3383b87e63f3fa2f9ccccce5307602dde06"
  },
  "_source": "git://github.com/Wakanda/bower-angular-wakanda.git",
  "_target": "~1.0.2",
  "_originalSource": "angular-wakanda"
}